Tipo de Delito: Nivel 1;Tipo de Delito: Nivel 2;Tipo de Delito: Nivel 3;Periodo;Total
A Delitos;;;2021;410.842
A Delitos;;;2020;311.271
A Delitos;;;2019;412.571
A Delitos;;;2018;406.327
A Delitos;;;2017;394.301
A Delitos;;;2016;365.202
A Delitos;;;2015;288.756
A Delitos;;;2014;277.956
A Delitos;;;2013;275.196
A Delitos;1 Homicidio y sus formas;;2021;1.145
A Delitos;1 Homicidio y sus formas;;2020;1.036
A Delitos;1 Homicidio y sus formas;;2019;1.099
A Delitos;1 Homicidio y sus formas;;2018;1.087
A Delitos;1 Homicidio y sus formas;;2017;1.158
A Delitos;1 Homicidio y sus formas;;2016;1.252
A Delitos;1 Homicidio y sus formas;;2015;1.355
A Delitos;1 Homicidio y sus formas;;2014;1.295
A Delitos;1 Homicidio y sus formas;;2013;1.427
A Delitos;2 Aborto;;2021;9
A Delitos;2 Aborto;;2020;11
A Delitos;2 Aborto;;2019;12
A Delitos;2 Aborto;;2018;6
A Delitos;2 Aborto;;2017;12
A Delitos;2 Aborto;;2016;17
A Delitos;2 Aborto;;2015;7
A Delitos;2 Aborto;;2014;13
A Delitos;2 Aborto;;2013;12
A Delitos;3 Lesiones;;2021;70.678
A Delitos;3 Lesiones;;2020;53.105
A Delitos;3 Lesiones;;2019;69.437
A Delitos;3 Lesiones;;2018;67.472
A Delitos;3 Lesiones;;2017;65.519
A Delitos;3 Lesiones;;2016;55.272
A Delitos;3 Lesiones;;2015;37.082
A Delitos;3 Lesiones;;2014;34.136
A Delitos;3 Lesiones;;2013;33.767
A Delitos;4 Lesiones al feto;;2021;41
A Delitos;4 Lesiones al feto;;2020;20
A Delitos;4 Lesiones al feto;;2019;26
A Delitos;4 Lesiones al feto;;2018;30
A Delitos;4 Lesiones al feto;;2017;32
A Delitos;4 Lesiones al feto;;2016;33
A Delitos;4 Lesiones al feto;;2015;34
A Delitos;4 Lesiones al feto;;2014;53
A Delitos;4 Lesiones al feto;;2013;47
A Delitos;5 Manipulación genética;;2021;4
A Delitos;5 Manipulación genética;;2020;4
A Delitos;5 Manipulación genética;;2019;4
A Delitos;5 Manipulación genética;;2018;4
A Delitos;5 Manipulación genética;;2017;""
A Delitos;5 Manipulación genética;;2016;4
A Delitos;5 Manipulación genética;;2015;2
A Delitos;5 Manipulación genética;;2014;1
A Delitos;5 Manipulación genética;;2013;3
A Delitos;6 Contra la libertad;;2021;31.251
A Delitos;6 Contra la libertad;;2020;22.369
A Delitos;6 Contra la libertad;;2019;27.828
A Delitos;6 Contra la libertad;;2018;27.003
A Delitos;6 Contra la libertad;;2017;25.783
A Delitos;6 Contra la libertad;;2016;21.635
A Delitos;6 Contra la libertad;;2015;12.821
A Delitos;6 Contra la libertad;;2014;10.947
A Delitos;6 Contra la libertad;;2013;10.785
A Delitos;6 Contra la libertad;6.1 Detenciones ilegales y secuestro;2021;201
A Delitos;6 Contra la libertad;6.1 Detenciones ilegales y secuestro;2020;217
A Delitos;6 Contra la libertad;6.1 Detenciones ilegales y secuestro;2019;220
A Delitos;6 Contra la libertad;6.1 Detenciones ilegales y secuestro;2018;194
A Delitos;6 Contra la libertad;6.1 Detenciones ilegales y secuestro;2017;266
A Delitos;6 Contra la libertad;6.1 Detenciones ilegales y secuestro;2016;298
A Delitos;6 Contra la libertad;6.1 Detenciones ilegales y secuestro;2015;304
A Delitos;6 Contra la libertad;6.1 Detenciones ilegales y secuestro;2014;273
A Delitos;6 Contra la libertad;6.1 Detenciones ilegales y secuestro;2013;302
A Delitos;6 Contra la libertad;6.2 Amenazas;2021;25.132
A Delitos;6 Contra la libertad;6.2 Amenazas;2020;17.983
A Delitos;6 Contra la libertad;6.2 Amenazas;2019;22.398
A Delitos;6 Contra la libertad;6.2 Amenazas;2018;21.986
A Delitos;6 Contra la libertad;6.2 Amenazas;2017;21.149
A Delitos;6 Contra la libertad;6.2 Amenazas;2016;17.827
A Delitos;6 Contra la libertad;6.2 Amenazas;2015;10.427
A Delitos;6 Contra la libertad;6.2 Amenazas;2014;8.947
A Delitos;6 Contra la libertad;6.2 Amenazas;2013;8.802
A Delitos;6 Contra la libertad;6.3 Coacciones;2021;5.918
A Delitos;6 Contra la libertad;6.3 Coacciones;2020;4.169
A Delitos;6 Contra la libertad;6.3 Coacciones;2019;5.210
A Delitos;6 Contra la libertad;6.3 Coacciones;2018;4.823
A Delitos;6 Contra la libertad;6.3 Coacciones;2017;4.368
A Delitos;6 Contra la libertad;6.3 Coacciones;2016;3.510
A Delitos;6 Contra la libertad;6.3 Coacciones;2015;2.090
A Delitos;6 Contra la libertad;6.3 Coacciones;2014;1.727
A Delitos;6 Contra la libertad;6.3 Coacciones;2013;1.681
A Delitos;7 Torturas e integridad moral;;2021;9.700
A Delitos;7 Torturas e integridad moral;;2020;7.078
A Delitos;7 Torturas e integridad moral;;2019;8.102
A Delitos;7 Torturas e integridad moral;;2018;7.819
A Delitos;7 Torturas e integridad moral;;2017;7.198
A Delitos;7 Torturas e integridad moral;;2016;6.247
A Delitos;7 Torturas e integridad moral;;2015;3.995
A Delitos;7 Torturas e integridad moral;;2014;2.545
A Delitos;7 Torturas e integridad moral;;2013;2.771
A Delitos;7 BIS Trata de seres humanos;;2021;226
A Delitos;7 BIS Trata de seres humanos;;2020;94
A Delitos;7 BIS Trata de seres humanos;;2019;197
A Delitos;7 BIS Trata de seres humanos;;2018;54
A Delitos;7 BIS Trata de seres humanos;;2017;63
A Delitos;7 BIS Trata de seres humanos;;2016;123
A Delitos;7 BIS Trata de seres humanos;;2015;103
A Delitos;7 BIS Trata de seres humanos;;2014;30
A Delitos;7 BIS Trata de seres humanos;;2013;39
A Delitos;8 Contra la libertad e indemnidad sexuales;;2021;3.881
A Delitos;8 Contra la libertad e indemnidad sexuales;;2020;2.885
A Delitos;8 Contra la libertad e indemnidad sexuales;;2019;3.296
A Delitos;8 Contra la libertad e indemnidad sexuales;;2018;2.917
A Delitos;8 Contra la libertad e indemnidad sexuales;;2017;2.764
A Delitos;8 Contra la libertad e indemnidad sexuales;;2016;2.721
A Delitos;8 Contra la libertad e indemnidad sexuales;;2015;2.515
A Delitos;8 Contra la libertad e indemnidad sexuales;;2014;2.492
A Delitos;8 Contra la libertad e indemnidad sexuales;;2013;2.628
A Delitos;8 Contra la libertad e indemnidad sexuales;8.1 Agresiones sexuales;2021;491
A Delitos;8 Contra la libertad e indemnidad sexuales;8.1 Agresiones sexuales;2020;428
A Delitos;8 Contra la libertad e indemnidad sexuales;8.1 Agresiones sexuales;2019;428
A Delitos;8 Contra la libertad e indemnidad sexuales;8.1 Agresiones sexuales;2018;386
A Delitos;8 Contra la libertad e indemnidad sexuales;8.1 Agresiones sexuales;2017;387
A Delitos;8 Contra la libertad e indemnidad sexuales;8.1 Agresiones sexuales;2016;430
A Delitos;8 Contra la libertad e indemnidad sexuales;8.1 Agresiones sexuales;2015;489
A Delitos;8 Contra la libertad e indemnidad sexuales;8.1 Agresiones sexuales;2014;528
A Delitos;8 Contra la libertad e indemnidad sexuales;8.1 Agresiones sexuales;2013;605
A Delitos;8 Contra la libertad e indemnidad sexuales;8.2 Abusos sexuales;2021;1.556
A Delitos;8 Contra la libertad e indemnidad sexuales;8.2 Abusos sexuales;2020;1.070
A Delitos;8 Contra la libertad e indemnidad sexuales;8.2 Abusos sexuales;2019;1.218
A Delitos;8 Contra la libertad e indemnidad sexuales;8.2 Abusos sexuales;2018;1.011
A Delitos;8 Contra la libertad e indemnidad sexuales;8.2 Abusos sexuales;2017;956
A Delitos;8 Contra la libertad e indemnidad sexuales;8.2 Abusos sexuales;2016;969
A Delitos;8 Contra la libertad e indemnidad sexuales;8.2 Abusos sexuales;2015;740
A Delitos;8 Contra la libertad e indemnidad sexuales;8.2 Abusos sexuales;2014;837
A Delitos;8 Contra la libertad e indemnidad sexuales;8.2 Abusos sexuales;2013;838
A Delitos;8 Contra la libertad e indemnidad sexuales;8.2 BIS Abusos y agresiones sexuales a menores de 16 años;2021;738
A Delitos;8 Contra la libertad e indemnidad sexuales;8.2 BIS Abusos y agresiones sexuales a menores de 16 años;2020;560
A Delitos;8 Contra la libertad e indemnidad sexuales;8.2 BIS Abusos y agresiones sexuales a menores de 16 años;2019;529
A Delitos;8 Contra la libertad e indemnidad sexuales;8.2 BIS Abusos y agresiones sexuales a menores de 16 años;2018;453
A Delitos;8 Contra la libertad e indemnidad sexuales;8.2 BIS Abusos y agresiones sexuales a menores de 16 años;2017;320
A Delitos;8 Contra la libertad e indemnidad sexuales;8.2 BIS Abusos y agresiones sexuales a menores de 16 años;2016;318
A Delitos;8 Contra la libertad e indemnidad sexuales;8.2 BIS Abusos y agresiones sexuales a menores de 16 años;2015;230
A Delitos;8 Contra la libertad e indemnidad sexuales;8.2 BIS Abusos y agresiones sexuales a menores de 16 años;2014;225
A Delitos;8 Contra la libertad e indemnidad sexuales;8.2 BIS Abusos y agresiones sexuales a menores de 16 años;2013;163
A Delitos;8 Contra la libertad e indemnidad sexuales;8.3 Acoso sexual;2021;74
A Delitos;8 Contra la libertad e indemnidad sexuales;8.3 Acoso sexual;2020;58
A Delitos;8 Contra la libertad e indemnidad sexuales;8.3 Acoso sexual;2019;69
A Delitos;8 Contra la libertad e indemnidad sexuales;8.3 Acoso sexual;2018;59
A Delitos;8 Contra la libertad e indemnidad sexuales;8.3 Acoso sexual;2017;45
A Delitos;8 Contra la libertad e indemnidad sexuales;8.3 Acoso sexual;2016;48
A Delitos;8 Contra la libertad e indemnidad sexuales;8.3 Acoso sexual;2015;43
A Delitos;8 Contra la libertad e indemnidad sexuales;8.3 Acoso sexual;2014;33
A Delitos;8 Contra la libertad e indemnidad sexuales;8.3 Acoso sexual;2013;46
A Delitos;8 Contra la libertad e indemnidad sexuales;8.4 Exhibicionismo y provocación sexual;2021;430
A Delitos;8 Contra la libertad e indemnidad sexuales;8.4 Exhibicionismo y provocación sexual;2020;340
A Delitos;8 Contra la libertad e indemnidad sexuales;8.4 Exhibicionismo y provocación sexual;2019;432
A Delitos;8 Contra la libertad e indemnidad sexuales;8.4 Exhibicionismo y provocación sexual;2018;394
A Delitos;8 Contra la libertad e indemnidad sexuales;8.4 Exhibicionismo y provocación sexual;2017;414
A Delitos;8 Contra la libertad e indemnidad sexuales;8.4 Exhibicionismo y provocación sexual;2016;448
A Delitos;8 Contra la libertad e indemnidad sexuales;8.4 Exhibicionismo y provocación sexual;2015;390
A Delitos;8 Contra la libertad e indemnidad sexuales;8.4 Exhibicionismo y provocación sexual;2014;359
A Delitos;8 Contra la libertad e indemnidad sexuales;8.4 Exhibicionismo y provocación sexual;2013;368
A Delitos;8 Contra la libertad e indemnidad sexuales;8.5 Prostitución y corrupción menores;2021;592
A Delitos;8 Contra la libertad e indemnidad sexuales;8.5 Prostitución y corrupción menores;2020;429
A Delitos;8 Contra la libertad e indemnidad sexuales;8.5 Prostitución y corrupción menores;2019;620
A Delitos;8 Contra la libertad e indemnidad sexuales;8.5 Prostitución y corrupción menores;2018;614
A Delitos;8 Contra la libertad e indemnidad sexuales;8.5 Prostitución y corrupción menores;2017;642
A Delitos;8 Contra la libertad e indemnidad sexuales;8.5 Prostitución y corrupción menores;2016;508
A Delitos;8 Contra la libertad e indemnidad sexuales;8.5 Prostitución y corrupción menores;2015;623
A Delitos;8 Contra la libertad e indemnidad sexuales;8.5 Prostitución y corrupción menores;2014;510
A Delitos;8 Contra la libertad e indemnidad sexuales;8.5 Prostitución y corrupción menores;2013;608
A Delitos;9 Omisión del deber de socorro;;2021;68
A Delitos;9 Omisión del deber de socorro;;2020;43
A Delitos;9 Omisión del deber de socorro;;2019;46
A Delitos;9 Omisión del deber de socorro;;2018;73
A Delitos;9 Omisión del deber de socorro;;2017;70
A Delitos;9 Omisión del deber de socorro;;2016;68
A Delitos;9 Omisión del deber de socorro;;2015;77
A Delitos;9 Omisión del deber de socorro;;2014;85
A Delitos;9 Omisión del deber de socorro;;2013;82
A Delitos;10 Contra la intimidad, derecho a la propia imagen;;2021;822
A Delitos;10 Contra la intimidad, derecho a la propia imagen;;2020;606
A Delitos;10 Contra la intimidad, derecho a la propia imagen;;2019;722
A Delitos;10 Contra la intimidad, derecho a la propia imagen;;2018;738
A Delitos;10 Contra la intimidad, derecho a la propia imagen;;2017;691
A Delitos;10 Contra la intimidad, derecho a la propia imagen;;2016;695
A Delitos;10 Contra la intimidad, derecho a la propia imagen;;2015;608
A Delitos;10 Contra la intimidad, derecho a la propia imagen;;2014;576
A Delitos;10 Contra la intimidad, derecho a la propia imagen;;2013;518
A Delitos;10 Contra la intimidad, derecho a la propia imagen;10.1 Descubrimiento y revelación de secretos;2021;592
A Delitos;10 Contra la intimidad, derecho a la propia imagen;10.1 Descubrimiento y revelación de secretos;2020;421
A Delitos;10 Contra la intimidad, derecho a la propia imagen;10.1 Descubrimiento y revelación de secretos;2019;484
A Delitos;10 Contra la intimidad, derecho a la propia imagen;10.1 Descubrimiento y revelación de secretos;2018;453
A Delitos;10 Contra la intimidad, derecho a la propia imagen;10.1 Descubrimiento y revelación de secretos;2017;364
A Delitos;10 Contra la intimidad, derecho a la propia imagen;10.1 Descubrimiento y revelación de secretos;2016;338
A Delitos;10 Contra la intimidad, derecho a la propia imagen;10.1 Descubrimiento y revelación de secretos;2015;290
A Delitos;10 Contra la intimidad, derecho a la propia imagen;10.1 Descubrimiento y revelación de secretos;2014;237
A Delitos;10 Contra la intimidad, derecho a la propia imagen;10.1 Descubrimiento y revelación de secretos;2013;203
A Delitos;10 Contra la intimidad, derecho a la propia imagen;10.2 Allanamiento de morada;2021;230
A Delitos;10 Contra la intimidad, derecho a la propia imagen;10.2 Allanamiento de morada;2020;185
A Delitos;10 Contra la intimidad, derecho a la propia imagen;10.2 Allanamiento de morada;2019;238
A Delitos;10 Contra la intimidad, derecho a la propia imagen;10.2 Allanamiento de morada;2018;285
A Delitos;10 Contra la intimidad, derecho a la propia imagen;10.2 Allanamiento de morada;2017;327
A Delitos;10 Contra la intimidad, derecho a la propia imagen;10.2 Allanamiento de morada;2016;357
A Delitos;10 Contra la intimidad, derecho a la propia imagen;10.2 Allanamiento de morada;2015;318
A Delitos;10 Contra la intimidad, derecho a la propia imagen;10.2 Allanamiento de morada;2014;339
A Delitos;10 Contra la intimidad, derecho a la propia imagen;10.2 Allanamiento de morada;2013;315
A Delitos;11 Contra el honor;;2021;768
A Delitos;11 Contra el honor;;2020;609
A Delitos;11 Contra el honor;;2019;743
A Delitos;11 Contra el honor;;2018;775
A Delitos;11 Contra el honor;;2017;905
A Delitos;11 Contra el honor;;2016;843
A Delitos;11 Contra el honor;;2015;320
A Delitos;11 Contra el honor;;2014;144
A Delitos;11 Contra el honor;;2013;98
A Delitos;11 Contra el honor;11.1 Calumnias;2021;60
A Delitos;11 Contra el honor;11.1 Calumnias;2020;36
A Delitos;11 Contra el honor;11.1 Calumnias;2019;61
A Delitos;11 Contra el honor;11.1 Calumnias;2018;81
A Delitos;11 Contra el honor;11.1 Calumnias;2017;62
A Delitos;11 Contra el honor;11.1 Calumnias;2016;35
A Delitos;11 Contra el honor;11.1 Calumnias;2015;48
A Delitos;11 Contra el honor;11.1 Calumnias;2014;56
A Delitos;11 Contra el honor;11.1 Calumnias;2013;25
A Delitos;11 Contra el honor;11.2 Injurias;2021;708
A Delitos;11 Contra el honor;11.2 Injurias;2020;573
A Delitos;11 Contra el honor;11.2 Injurias;2019;682
A Delitos;11 Contra el honor;11.2 Injurias;2018;694
A Delitos;11 Contra el honor;11.2 Injurias;2017;843
A Delitos;11 Contra el honor;11.2 Injurias;2016;808
A Delitos;11 Contra el honor;11.2 Injurias;2015;272
A Delitos;11 Contra el honor;11.2 Injurias;2014;88
A Delitos;11 Contra el honor;11.2 Injurias;2013;73
A Delitos;12 Contra las relaciones familiares;;2021;5.087
A Delitos;12 Contra las relaciones familiares;;2020;4.193
A Delitos;12 Contra las relaciones familiares;;2019;5.821
A Delitos;12 Contra las relaciones familiares;;2018;6.196
A Delitos;12 Contra las relaciones familiares;;2017;6.595
A Delitos;12 Contra las relaciones familiares;;2016;6.945
A Delitos;12 Contra las relaciones familiares;;2015;7.089
A Delitos;12 Contra las relaciones familiares;;2014;6.946
A Delitos;12 Contra las relaciones familiares;;2013;6.282
A Delitos;12 Contra las relaciones familiares;12.1 Matrimonios ilegales;2021;4
A Delitos;12 Contra las relaciones familiares;12.1 Matrimonios ilegales;2020;19
A Delitos;12 Contra las relaciones familiares;12.1 Matrimonios ilegales;2019;2
A Delitos;12 Contra las relaciones familiares;12.1 Matrimonios ilegales;2018;11
A Delitos;12 Contra las relaciones familiares;12.1 Matrimonios ilegales;2017;11
A Delitos;12 Contra las relaciones familiares;12.1 Matrimonios ilegales;2016;11
A Delitos;12 Contra las relaciones familiares;12.1 Matrimonios ilegales;2015;14
A Delitos;12 Contra las relaciones familiares;12.1 Matrimonios ilegales;2014;15
A Delitos;12 Contra las relaciones familiares;12.1 Matrimonios ilegales;2013;7
A Delitos;12 Contra las relaciones familiares;12.2 Suposición de parto y alteración de la paternidad;2021;""
A Delitos;12 Contra las relaciones familiares;12.2 Suposición de parto y alteración de la paternidad;2020;""
A Delitos;12 Contra las relaciones familiares;12.2 Suposición de parto y alteración de la paternidad;2019;9
A Delitos;12 Contra las relaciones familiares;12.2 Suposición de parto y alteración de la paternidad;2018;4
A Delitos;12 Contra las relaciones familiares;12.2 Suposición de parto y alteración de la paternidad;2017;3
A Delitos;12 Contra las relaciones familiares;12.2 Suposición de parto y alteración de la paternidad;2016;5
A Delitos;12 Contra las relaciones familiares;12.2 Suposición de parto y alteración de la paternidad;2015;4
A Delitos;12 Contra las relaciones familiares;12.2 Suposición de parto y alteración de la paternidad;2014;5
A Delitos;12 Contra las relaciones familiares;12.2 Suposición de parto y alteración de la paternidad;2013;5
A Delitos;12 Contra las relaciones familiares;12.3 Contra los derechos y deberes familiares;2021;5.083
A Delitos;12 Contra las relaciones familiares;12.3 Contra los derechos y deberes familiares;2020;4.174
A Delitos;12 Contra las relaciones familiares;12.3 Contra los derechos y deberes familiares;2019;5.810
A Delitos;12 Contra las relaciones familiares;12.3 Contra los derechos y deberes familiares;2018;6.181
A Delitos;12 Contra las relaciones familiares;12.3 Contra los derechos y deberes familiares;2017;6.581
A Delitos;12 Contra las relaciones familiares;12.3 Contra los derechos y deberes familiares;2016;6.929
A Delitos;12 Contra las relaciones familiares;12.3 Contra los derechos y deberes familiares;2015;7.071
A Delitos;12 Contra las relaciones familiares;12.3 Contra los derechos y deberes familiares;2014;6.926
A Delitos;12 Contra las relaciones familiares;12.3 Contra los derechos y deberes familiares;2013;6.270
A Delitos;13 Contra el patrimonio y el orden socioeconómico;;2021;126.673
A Delitos;13 Contra el patrimonio y el orden socioeconómico;;2020;99.660
A Delitos;13 Contra el patrimonio y el orden socioeconómico;;2019;141.686
A Delitos;13 Contra el patrimonio y el orden socioeconómico;;2018;142.426
A Delitos;13 Contra el patrimonio y el orden socioeconómico;;2017;136.992
A Delitos;13 Contra el patrimonio y el orden socioeconómico;;2016;122.647
A Delitos;13 Contra el patrimonio y el orden socioeconómico;;2015;74.790
A Delitos;13 Contra el patrimonio y el orden socioeconómico;;2014;64.620
A Delitos;13 Contra el patrimonio y el orden socioeconómico;;2013;60.645
A Delitos;13 Contra el patrimonio y el orden socioeconómico;13.1 Hurtos;2021;57.535
A Delitos;13 Contra el patrimonio y el orden socioeconómico;13.1 Hurtos;2020;47.533
A Delitos;13 Contra el patrimonio y el orden socioeconómico;13.1 Hurtos;2019;71.671
A Delitos;13 Contra el patrimonio y el orden socioeconómico;13.1 Hurtos;2018;70.102
A Delitos;13 Contra el patrimonio y el orden socioeconómico;13.1 Hurtos;2017;63.721
A Delitos;13 Contra el patrimonio y el orden socioeconómico;13.1 Hurtos;2016;55.282
A Delitos;13 Contra el patrimonio y el orden socioeconómico;13.1 Hurtos;2015;20.611
A Delitos;13 Contra el patrimonio y el orden socioeconómico;13.1 Hurtos;2014;11.606
A Delitos;13 Contra el patrimonio y el orden socioeconómico;13.1 Hurtos;2013;10.751
A Delitos;13 Contra el patrimonio y el orden socioeconómico;13.2 Robos;2021;22.564
A Delitos;13 Contra el patrimonio y el orden socioeconómico;13.2 Robos;2020;18.149
A Delitos;13 Contra el patrimonio y el orden socioeconómico;13.2 Robos;2019;24.004
A Delitos;13 Contra el patrimonio y el orden socioeconómico;13.2 Robos;2018;25.756
A Delitos;13 Contra el patrimonio y el orden socioeconómico;13.2 Robos;2017;27.713
A Delitos;13 Contra el patrimonio y el orden socioeconómico;13.2 Robos;2016;28.758
A Delitos;13 Contra el patrimonio y el orden socioeconómico;13.2 Robos;2015;29.499
A Delitos;13 Contra el patrimonio y el orden socioeconómico;13.2 Robos;2014;30.815
A Delitos;13 Contra el patrimonio y el orden socioeconómico;13.2 Robos;2013;30.509
A Delitos;13 Contra el patrimonio y el orden socioeconómico;13.3 Extorsión;2021;146
A Delitos;13 Contra el patrimonio y el orden socioeconómico;13.3 Extorsión;2020;76
A Delitos;13 Contra el patrimonio y el orden socioeconómico;13.3 Extorsión;2019;112
A Delitos;13 Contra el patrimonio y el orden socioeconómico;13.3 Extorsión;2018;81
A Delitos;13 Contra el patrimonio y el orden socioeconómico;13.3 Extorsión;2017;140
A Delitos;13 Contra el patrimonio y el orden socioeconómico;13.3 Extorsión;2016;117
A Delitos;13 Contra el patrimonio y el orden socioeconómico;13.3 Extorsión;2015;109
A Delitos;13 Contra el patrimonio y el orden socioeconómico;13.3 Extorsión;2014;94
A Delitos;13 Contra el patrimonio y el orden socioeconómico;13.3 Extorsión;2013;91
A Delitos;13 Contra el patrimonio y el orden socioeconómico;13.4 Robo y hurto de uso de vehículo;2021;1.487
A Delitos;13 Contra el patrimonio y el orden socioeconómico;13.4 Robo y hurto de uso de vehículo;2020;1.215
A Delitos;13 Contra el patrimonio y el orden socioeconómico;13.4 Robo y hurto de uso de vehículo;2019;1.729
A Delitos;13 Contra el patrimonio y el orden socioeconómico;13.4 Robo y hurto de uso de vehículo;2018;1.846
A Delitos;13 Contra el patrimonio y el orden socioeconómico;13.4 Robo y hurto de uso de vehículo;2017;1.975
A Delitos;13 Contra el patrimonio y el orden socioeconómico;13.4 Robo y hurto de uso de vehículo;2016;1.931
A Delitos;13 Contra el patrimonio y el orden socioeconómico;13.4 Robo y hurto de uso de vehículo;2015;2.038
A Delitos;13 Contra el patrimonio y el orden socioeconómico;13.4 Robo y hurto de uso de vehículo;2014;2.322
A Delitos;13 Contra el patrimonio y el orden socioeconómico;13.4 Robo y hurto de uso de vehículo;2013;2.444
A Delitos;13 Contra el patrimonio y el orden socioeconómico;13.5 Usurpación;2021;4.302
A Delitos;13 Contra el patrimonio y el orden socioeconómico;13.5 Usurpación;2020;3.157
A Delitos;13 Contra el patrimonio y el orden socioeconómico;13.5 Usurpación;2019;4.687
A Delitos;13 Contra el patrimonio y el orden socioeconómico;13.5 Usurpación;2018;6.028
A Delitos;13 Contra el patrimonio y el orden socioeconómico;13.5 Usurpación;2017;6.757
A Delitos;13 Contra el patrimonio y el orden socioeconómico;13.5 Usurpación;2016;6.132
A Delitos;13 Contra el patrimonio y el orden socioeconómico;13.5 Usurpación;2015;3.278
A Delitos;13 Contra el patrimonio y el orden socioeconómico;13.5 Usurpación;2014;2.402
A Delitos;13 Contra el patrimonio y el orden socioeconómico;13.5 Usurpación;2013;1.669
A Delitos;13 Contra el patrimonio y el orden socioeconómico;13.6 Defraudaciones;2021;25.358
A Delitos;13 Contra el patrimonio y el orden socioeconómico;13.6 Defraudaciones;2020;18.212
A Delitos;13 Contra el patrimonio y el orden socioeconómico;13.6 Defraudaciones;2019;24.129
A Delitos;13 Contra el patrimonio y el orden socioeconómico;13.6 Defraudaciones;2018;23.252
A Delitos;13 Contra el patrimonio y el orden socioeconómico;13.6 Defraudaciones;2017;21.953
A Delitos;13 Contra el patrimonio y el orden socioeconómico;13.6 Defraudaciones;2016;17.736
A Delitos;13 Contra el patrimonio y el orden socioeconómico;13.6 Defraudaciones;2015;10.202
A Delitos;13 Contra el patrimonio y el orden socioeconómico;13.6 Defraudaciones;2014;9.166
A Delitos;13 Contra el patrimonio y el orden socioeconómico;13.6 Defraudaciones;2013;7.876
A Delitos;13 Contra el patrimonio y el orden socioeconómico;13.7 Frustración de la ejecución;2021;213
A Delitos;13 Contra el patrimonio y el orden socioeconómico;13.7 Frustración de la ejecución;2020;""
A Delitos;13 Contra el patrimonio y el orden socioeconómico;13.7 Frustración de la ejecución;2019;""
A Delitos;13 Contra el patrimonio y el orden socioeconómico;13.7 Frustración de la ejecución;2018;""
A Delitos;13 Contra el patrimonio y el orden socioeconómico;13.7 Frustración de la ejecución;2017;""
A Delitos;13 Contra el patrimonio y el orden socioeconómico;13.7 Frustración de la ejecución;2016;""
A Delitos;13 Contra el patrimonio y el orden socioeconómico;13.7 Frustración de la ejecución;2015;""
A Delitos;13 Contra el patrimonio y el orden socioeconómico;13.7 Frustración de la ejecución;2014;""
A Delitos;13 Contra el patrimonio y el orden socioeconómico;13.7 Frustración de la ejecución;2013;""
A Delitos;13 Contra el patrimonio y el orden socioeconómico;13.7 BIS Insolvencias punibles;2021;358
A Delitos;13 Contra el patrimonio y el orden socioeconómico;13.7 BIS Insolvencias punibles;2020;511
A Delitos;13 Contra el patrimonio y el orden socioeconómico;13.7 BIS Insolvencias punibles;2019;724
A Delitos;13 Contra el patrimonio y el orden socioeconómico;13.7 BIS Insolvencias punibles;2018;766
A Delitos;13 Contra el patrimonio y el orden socioeconómico;13.7 BIS Insolvencias punibles;2017;845
A Delitos;13 Contra el patrimonio y el orden socioeconómico;13.7 BIS Insolvencias punibles;2016;835
A Delitos;13 Contra el patrimonio y el orden socioeconómico;13.7 BIS Insolvencias punibles;2015;660
A Delitos;13 Contra el patrimonio y el orden socioeconómico;13.7 BIS Insolvencias punibles;2014;654
A Delitos;13 Contra el patrimonio y el orden socioeconómico;13.7 BIS Insolvencias punibles;2013;541
A Delitos;13 Contra el patrimonio y el orden socioeconómico;13.8 Alteración de precios en concursos y subastas públicas;2021;2
A Delitos;13 Contra el patrimonio y el orden socioeconómico;13.8 Alteración de precios en concursos y subastas públicas;2020;30
A Delitos;13 Contra el patrimonio y el orden socioeconómico;13.8 Alteración de precios en concursos y subastas públicas;2019;35
A Delitos;13 Contra el patrimonio y el orden socioeconómico;13.8 Alteración de precios en concursos y subastas públicas;2018;24
A Delitos;13 Contra el patrimonio y el orden socioeconómico;13.8 Alteración de precios en concursos y subastas públicas;2017;34
A Delitos;13 Contra el patrimonio y el orden socioeconómico;13.8 Alteración de precios en concursos y subastas públicas;2016;38
A Delitos;13 Contra el patrimonio y el orden socioeconómico;13.8 Alteración de precios en concursos y subastas públicas;2015;72
A Delitos;13 Contra el patrimonio y el orden socioeconómico;13.8 Alteración de precios en concursos y subastas públicas;2014;77
A Delitos;13 Contra el patrimonio y el orden socioeconómico;13.8 Alteración de precios en concursos y subastas públicas;2013;67
A Delitos;13 Contra el patrimonio y el orden socioeconómico;13.9 Daños;2021;10.789
A Delitos;13 Contra el patrimonio y el orden socioeconómico;13.9 Daños;2020;7.609
A Delitos;13 Contra el patrimonio y el orden socioeconómico;13.9 Daños;2019;10.252
A Delitos;13 Contra el patrimonio y el orden socioeconómico;13.9 Daños;2018;10.037
A Delitos;13 Contra el patrimonio y el orden socioeconómico;13.9 Daños;2017;9.694
A Delitos;13 Contra el patrimonio y el orden socioeconómico;13.9 Daños;2016;7.838
A Delitos;13 Contra el patrimonio y el orden socioeconómico;13.9 Daños;2015;4.854
A Delitos;13 Contra el patrimonio y el orden socioeconómico;13.9 Daños;2014;4.272
A Delitos;13 Contra el patrimonio y el orden socioeconómico;13.9 Daños;2013;4.095
A Delitos;13 Contra el patrimonio y el orden socioeconómico;13.11 Propiedad intelectual e industrial;2021;1.420
A Delitos;13 Contra el patrimonio y el orden socioeconómico;13.11 Propiedad intelectual e industrial;2020;1.057
A Delitos;13 Contra el patrimonio y el orden socioeconómico;13.11 Propiedad intelectual e industrial;2019;1.351
A Delitos;13 Contra el patrimonio y el orden socioeconómico;13.11 Propiedad intelectual e industrial;2018;1.292
A Delitos;13 Contra el patrimonio y el orden socioeconómico;13.11 Propiedad intelectual e industrial;2017;1.043
A Delitos;13 Contra el patrimonio y el orden socioeconómico;13.11 Propiedad intelectual e industrial;2016;903
A Delitos;13 Contra el patrimonio y el orden socioeconómico;13.11 Propiedad intelectual e industrial;2015;628
A Delitos;13 Contra el patrimonio y el orden socioeconómico;13.11 Propiedad intelectual e industrial;2014;625
A Delitos;13 Contra el patrimonio y el orden socioeconómico;13.11 Propiedad intelectual e industrial;2013;525
A Delitos;13 Contra el patrimonio y el orden socioeconómico;13.12 De la sustracción de cosa propia a su utilidad social o cultural;2021;""
A Delitos;13 Contra el patrimonio y el orden socioeconómico;13.12 De la sustracción de cosa propia a su utilidad social o cultural;2020;""
A Delitos;13 Contra el patrimonio y el orden socioeconómico;13.12 De la sustracción de cosa propia a su utilidad social o cultural;2019;3
A Delitos;13 Contra el patrimonio y el orden socioeconómico;13.12 De la sustracción de cosa propia a su utilidad social o cultural;2018;""
A Delitos;13 Contra el patrimonio y el orden socioeconómico;13.12 De la sustracción de cosa propia a su utilidad social o cultural;2017;""
A Delitos;13 Contra el patrimonio y el orden socioeconómico;13.12 De la sustracción de cosa propia a su utilidad social o cultural;2016;""
A Delitos;13 Contra el patrimonio y el orden socioeconómico;13.12 De la sustracción de cosa propia a su utilidad social o cultural;2015;""
A Delitos;13 Contra el patrimonio y el orden socioeconómico;13.12 De la sustracción de cosa propia a su utilidad social o cultural;2014;""
A Delitos;13 Contra el patrimonio y el orden socioeconómico;13.12 De la sustracción de cosa propia a su utilidad social o cultural;2013;1
A Delitos;13 Contra el patrimonio y el orden socioeconómico;13.13 Delitos societarios;2021;52
A Delitos;13 Contra el patrimonio y el orden socioeconómico;13.13 Delitos societarios;2020;47
A Delitos;13 Contra el patrimonio y el orden socioeconómico;13.13 Delitos societarios;2019;53
A Delitos;13 Contra el patrimonio y el orden socioeconómico;13.13 Delitos societarios;2018;81
A Delitos;13 Contra el patrimonio y el orden socioeconómico;13.13 Delitos societarios;2017;96
A Delitos;13 Contra el patrimonio y el orden socioeconómico;13.13 Delitos societarios;2016;77
A Delitos;13 Contra el patrimonio y el orden socioeconómico;13.13 Delitos societarios;2015;106
A Delitos;13 Contra el patrimonio y el orden socioeconómico;13.13 Delitos societarios;2014;92
A Delitos;13 Contra el patrimonio y el orden socioeconómico;13.13 Delitos societarios;2013;67
A Delitos;13 Contra el patrimonio y el orden socioeconómico;13.14 Receptación y blanqueo de capitales;2021;2.447
A Delitos;13 Contra el patrimonio y el orden socioeconómico;13.14 Receptación y blanqueo de capitales;2020;2.064
A Delitos;13 Contra el patrimonio y el orden socioeconómico;13.14 Receptación y blanqueo de capitales;2019;2.936
A Delitos;13 Contra el patrimonio y el orden socioeconómico;13.14 Receptación y blanqueo de capitales;2018;3.161
A Delitos;13 Contra el patrimonio y el orden socioeconómico;13.14 Receptación y blanqueo de capitales;2017;3.021
A Delitos;13 Contra el patrimonio y el orden socioeconómico;13.14 Receptación y blanqueo de capitales;2016;3.000
A Delitos;13 Contra el patrimonio y el orden socioeconómico;13.14 Receptación y blanqueo de capitales;2015;2.733
A Delitos;13 Contra el patrimonio y el orden socioeconómico;13.14 Receptación y blanqueo de capitales;2014;2.495
A Delitos;13 Contra el patrimonio y el orden socioeconómico;13.14 Receptación y blanqueo de capitales;2013;2.009
A Delitos;14 Contra la Hacienda Pública y Seguridad Social;;2021;1.001
A Delitos;14 Contra la Hacienda Pública y Seguridad Social;;2020;818
A Delitos;14 Contra la Hacienda Pública y Seguridad Social;;2019;1.170
A Delitos;14 Contra la Hacienda Pública y Seguridad Social;;2018;1.396
A Delitos;14 Contra la Hacienda Pública y Seguridad Social;;2017;1.002
A Delitos;14 Contra la Hacienda Pública y Seguridad Social;;2016;937
A Delitos;14 Contra la Hacienda Pública y Seguridad Social;;2015;938
A Delitos;14 Contra la Hacienda Pública y Seguridad Social;;2014;712
A Delitos;14 Contra la Hacienda Pública y Seguridad Social;;2013;647
A Delitos;15 Contra los derechos de los trabajadores;;2021;563
A Delitos;15 Contra los derechos de los trabajadores;;2020;461
A Delitos;15 Contra los derechos de los trabajadores;;2019;686
A Delitos;15 Contra los derechos de los trabajadores;;2018;719
A Delitos;15 Contra los derechos de los trabajadores;;2017;821
A Delitos;15 Contra los derechos de los trabajadores;;2016;1.050
A Delitos;15 Contra los derechos de los trabajadores;;2015;941
A Delitos;15 Contra los derechos de los trabajadores;;2014;1.018
A Delitos;15 Contra los derechos de los trabajadores;;2013;854
A Delitos;15 BIS Contra los derechos de los ciudadanos extranjeros;;2021;346
A Delitos;15 BIS Contra los derechos de los ciudadanos extranjeros;;2020;195
A Delitos;15 BIS Contra los derechos de los ciudadanos extranjeros;;2019;387
A Delitos;15 BIS Contra los derechos de los ciudadanos extranjeros;;2018;433
A Delitos;15 BIS Contra los derechos de los ciudadanos extranjeros;;2017;424
A Delitos;15 BIS Contra los derechos de los ciudadanos extranjeros;;2016;279
A Delitos;15 BIS Contra los derechos de los ciudadanos extranjeros;;2015;315
A Delitos;15 BIS Contra los derechos de los ciudadanos extranjeros;;2014;171
A Delitos;15 BIS Contra los derechos de los ciudadanos extranjeros;;2013;206
A Delitos;16 Ordenación del territorio, urbanismo, protección del patrimonio histórico y medio ambiente;;2021;1.110
A Delitos;16 Ordenación del territorio, urbanismo, protección del patrimonio histórico y medio ambiente;;2020;904
A Delitos;16 Ordenación del territorio, urbanismo, protección del patrimonio histórico y medio ambiente;;2019;1.134
A Delitos;16 Ordenación del territorio, urbanismo, protección del patrimonio histórico y medio ambiente;;2018;1.102
A Delitos;16 Ordenación del territorio, urbanismo, protección del patrimonio histórico y medio ambiente;;2017;1.137
A Delitos;16 Ordenación del territorio, urbanismo, protección del patrimonio histórico y medio ambiente;;2016;1.062
A Delitos;16 Ordenación del territorio, urbanismo, protección del patrimonio histórico y medio ambiente;;2015;1.071
A Delitos;16 Ordenación del territorio, urbanismo, protección del patrimonio histórico y medio ambiente;;2014;895
A Delitos;16 Ordenación del territorio, urbanismo, protección del patrimonio histórico y medio ambiente;;2013;790
A Delitos;16 Ordenación del territorio, urbanismo, protección del patrimonio histórico y medio ambiente;16.1 Ordenación del territorio y el urbanismo;2021;317
A Delitos;16 Ordenación del territorio, urbanismo, protección del patrimonio histórico y medio ambiente;16.1 Ordenación del territorio y el urbanismo;2020;333
A Delitos;16 Ordenación del territorio, urbanismo, protección del patrimonio histórico y medio ambiente;16.1 Ordenación del territorio y el urbanismo;2019;427
A Delitos;16 Ordenación del territorio, urbanismo, protección del patrimonio histórico y medio ambiente;16.1 Ordenación del territorio y el urbanismo;2018;419
A Delitos;16 Ordenación del territorio, urbanismo, protección del patrimonio histórico y medio ambiente;16.1 Ordenación del territorio y el urbanismo;2017;495
A Delitos;16 Ordenación del territorio, urbanismo, protección del patrimonio histórico y medio ambiente;16.1 Ordenación del territorio y el urbanismo;2016;532
A Delitos;16 Ordenación del territorio, urbanismo, protección del patrimonio histórico y medio ambiente;16.1 Ordenación del territorio y el urbanismo;2015;658
A Delitos;16 Ordenación del territorio, urbanismo, protección del patrimonio histórico y medio ambiente;16.1 Ordenación del territorio y el urbanismo;2014;592
A Delitos;16 Ordenación del territorio, urbanismo, protección del patrimonio histórico y medio ambiente;16.1 Ordenación del territorio y el urbanismo;2013;531
A Delitos;16 Ordenación del territorio, urbanismo, protección del patrimonio histórico y medio ambiente;16.2 Patrimonio histórico;2021;36
A Delitos;16 Ordenación del territorio, urbanismo, protección del patrimonio histórico y medio ambiente;16.2 Patrimonio histórico;2020;38
A Delitos;16 Ordenación del territorio, urbanismo, protección del patrimonio histórico y medio ambiente;16.2 Patrimonio histórico;2019;36
A Delitos;16 Ordenación del territorio, urbanismo, protección del patrimonio histórico y medio ambiente;16.2 Patrimonio histórico;2018;26
A Delitos;16 Ordenación del territorio, urbanismo, protección del patrimonio histórico y medio ambiente;16.2 Patrimonio histórico;2017;36
A Delitos;16 Ordenación del territorio, urbanismo, protección del patrimonio histórico y medio ambiente;16.2 Patrimonio histórico;2016;16
A Delitos;16 Ordenación del territorio, urbanismo, protección del patrimonio histórico y medio ambiente;16.2 Patrimonio histórico;2015;13
A Delitos;16 Ordenación del territorio, urbanismo, protección del patrimonio histórico y medio ambiente;16.2 Patrimonio histórico;2014;20
A Delitos;16 Ordenación del territorio, urbanismo, protección del patrimonio histórico y medio ambiente;16.2 Patrimonio histórico;2013;6
A Delitos;16 Ordenación del territorio, urbanismo, protección del patrimonio histórico y medio ambiente;16.3 Recursos naturales y medio ambiente;2021;71
A Delitos;16 Ordenación del territorio, urbanismo, protección del patrimonio histórico y medio ambiente;16.3 Recursos naturales y medio ambiente;2020;48
A Delitos;16 Ordenación del territorio, urbanismo, protección del patrimonio histórico y medio ambiente;16.3 Recursos naturales y medio ambiente;2019;88
A Delitos;16 Ordenación del territorio, urbanismo, protección del patrimonio histórico y medio ambiente;16.3 Recursos naturales y medio ambiente;2018;79
A Delitos;16 Ordenación del territorio, urbanismo, protección del patrimonio histórico y medio ambiente;16.3 Recursos naturales y medio ambiente;2017;72
A Delitos;16 Ordenación del territorio, urbanismo, protección del patrimonio histórico y medio ambiente;16.3 Recursos naturales y medio ambiente;2016;68
A Delitos;16 Ordenación del territorio, urbanismo, protección del patrimonio histórico y medio ambiente;16.3 Recursos naturales y medio ambiente;2015;65
A Delitos;16 Ordenación del territorio, urbanismo, protección del patrimonio histórico y medio ambiente;16.3 Recursos naturales y medio ambiente;2014;52
A Delitos;16 Ordenación del territorio, urbanismo, protección del patrimonio histórico y medio ambiente;16.3 Recursos naturales y medio ambiente;2013;49
A Delitos;16 Ordenación del territorio, urbanismo, protección del patrimonio histórico y medio ambiente;16.4 Protección de flora, fauna y animales domésticos;2021;686
A Delitos;16 Ordenación del territorio, urbanismo, protección del patrimonio histórico y medio ambiente;16.4 Protección de flora, fauna y animales domésticos;2020;485
A Delitos;16 Ordenación del territorio, urbanismo, protección del patrimonio histórico y medio ambiente;16.4 Protección de flora, fauna y animales domésticos;2019;583
A Delitos;16 Ordenación del territorio, urbanismo, protección del patrimonio histórico y medio ambiente;16.4 Protección de flora, fauna y animales domésticos;2018;578
A Delitos;16 Ordenación del territorio, urbanismo, protección del patrimonio histórico y medio ambiente;16.4 Protección de flora, fauna y animales domésticos;2017;534
A Delitos;16 Ordenación del territorio, urbanismo, protección del patrimonio histórico y medio ambiente;16.4 Protección de flora, fauna y animales domésticos;2016;446
A Delitos;16 Ordenación del territorio, urbanismo, protección del patrimonio histórico y medio ambiente;16.4 Protección de flora, fauna y animales domésticos;2015;335
A Delitos;16 Ordenación del territorio, urbanismo, protección del patrimonio histórico y medio ambiente;16.4 Protección de flora, fauna y animales domésticos;2014;231
A Delitos;16 Ordenación del territorio, urbanismo, protección del patrimonio histórico y medio ambiente;16.4 Protección de flora, fauna y animales domésticos;2013;204
A Delitos;17 Contra la seguridad colectiva;;2021;110.186
A Delitos;17 Contra la seguridad colectiva;;2020;80.054
A Delitos;17 Contra la seguridad colectiva;;2019;103.257
A Delitos;17 Contra la seguridad colectiva;;2018;100.484
A Delitos;17 Contra la seguridad colectiva;;2017;98.021
A Delitos;17 Contra la seguridad colectiva;;2016;99.174
A Delitos;17 Contra la seguridad colectiva;;2015;102.164
A Delitos;17 Contra la seguridad colectiva;;2014;109.815
A Delitos;17 Contra la seguridad colectiva;;2013;114.951
A Delitos;17 Contra la seguridad colectiva;17.1 Delitos de riesgo catastrófico;2021;19
A Delitos;17 Contra la seguridad colectiva;17.1 Delitos de riesgo catastrófico;2020;14
A Delitos;17 Contra la seguridad colectiva;17.1 Delitos de riesgo catastrófico;2019;23
A Delitos;17 Contra la seguridad colectiva;17.1 Delitos de riesgo catastrófico;2018;17
A Delitos;17 Contra la seguridad colectiva;17.1 Delitos de riesgo catastrófico;2017;19
A Delitos;17 Contra la seguridad colectiva;17.1 Delitos de riesgo catastrófico;2016;28
A Delitos;17 Contra la seguridad colectiva;17.1 Delitos de riesgo catastrófico;2015;35
A Delitos;17 Contra la seguridad colectiva;17.1 Delitos de riesgo catastrófico;2014;32
A Delitos;17 Contra la seguridad colectiva;17.1 Delitos de riesgo catastrófico;2013;19
A Delitos;17 Contra la seguridad colectiva;17.2 Incendios;2021;205
A Delitos;17 Contra la seguridad colectiva;17.2 Incendios;2020;168
A Delitos;17 Contra la seguridad colectiva;17.2 Incendios;2019;254
A Delitos;17 Contra la seguridad colectiva;17.2 Incendios;2018;236
A Delitos;17 Contra la seguridad colectiva;17.2 Incendios;2017;275
A Delitos;17 Contra la seguridad colectiva;17.2 Incendios;2016;271
A Delitos;17 Contra la seguridad colectiva;17.2 Incendios;2015;269
A Delitos;17 Contra la seguridad colectiva;17.2 Incendios;2014;234
A Delitos;17 Contra la seguridad colectiva;17.2 Incendios;2013;220
A Delitos;17 Contra la seguridad colectiva;17.3 Contra la salud pública;2021;12.531
A Delitos;17 Contra la seguridad colectiva;17.3 Contra la salud pública;2020;9.332
A Delitos;17 Contra la seguridad colectiva;17.3 Contra la salud pública;2019;11.567
A Delitos;17 Contra la seguridad colectiva;17.3 Contra la salud pública;2018;11.087
A Delitos;17 Contra la seguridad colectiva;17.3 Contra la salud pública;2017;11.527
A Delitos;17 Contra la seguridad colectiva;17.3 Contra la salud pública;2016;11.996
A Delitos;17 Contra la seguridad colectiva;17.3 Contra la salud pública;2015;12.415
A Delitos;17 Contra la seguridad colectiva;17.3 Contra la salud pública;2014;12.851
A Delitos;17 Contra la seguridad colectiva;17.3 Contra la salud pública;2013;13.441
A Delitos;17 Contra la seguridad colectiva;17.4 Contra la seguridad vial;2021;97.431
A Delitos;17 Contra la seguridad colectiva;17.4 Contra la seguridad vial;2020;70.540
A Delitos;17 Contra la seguridad colectiva;17.4 Contra la seguridad vial;2019;91.413
A Delitos;17 Contra la seguridad colectiva;17.4 Contra la seguridad vial;2018;89.144
A Delitos;17 Contra la seguridad colectiva;17.4 Contra la seguridad vial;2017;86.200
A Delitos;17 Contra la seguridad colectiva;17.4 Contra la seguridad vial;2016;86.879
A Delitos;17 Contra la seguridad colectiva;17.4 Contra la seguridad vial;2015;89.445
A Delitos;17 Contra la seguridad colectiva;17.4 Contra la seguridad vial;2014;96.698
A Delitos;17 Contra la seguridad colectiva;17.4 Contra la seguridad vial;2013;101.271
A Delitos;18 Falsedades;;2021;7.576
A Delitos;18 Falsedades;;2020;5.651
A Delitos;18 Falsedades;;2019;8.757
A Delitos;18 Falsedades;;2018;8.499
A Delitos;18 Falsedades;;2017;7.783
A Delitos;18 Falsedades;;2016;7.921
A Delitos;18 Falsedades;;2015;7.453
A Delitos;18 Falsedades;;2014;7.376
A Delitos;18 Falsedades;;2013;6.770
A Delitos;18 Falsedades;18.1 Falsificación de moneda y efectos timbrados;2021;175
A Delitos;18 Falsedades;18.1 Falsificación de moneda y efectos timbrados;2020;155
A Delitos;18 Falsedades;18.1 Falsificación de moneda y efectos timbrados;2019;151
A Delitos;18 Falsedades;18.1 Falsificación de moneda y efectos timbrados;2018;157
A Delitos;18 Falsedades;18.1 Falsificación de moneda y efectos timbrados;2017;178
A Delitos;18 Falsedades;18.1 Falsificación de moneda y efectos timbrados;2016;127
A Delitos;18 Falsedades;18.1 Falsificación de moneda y efectos timbrados;2015;146
A Delitos;18 Falsedades;18.1 Falsificación de moneda y efectos timbrados;2014;154
A Delitos;18 Falsedades;18.1 Falsificación de moneda y efectos timbrados;2013;150
A Delitos;18 Falsedades;18.2 Falsedades documentales;2021;7.181
A Delitos;18 Falsedades;18.2 Falsedades documentales;2020;5.339
A Delitos;18 Falsedades;18.2 Falsedades documentales;2019;8.386
A Delitos;18 Falsedades;18.2 Falsedades documentales;2018;8.100
A Delitos;18 Falsedades;18.2 Falsedades documentales;2017;7.342
A Delitos;18 Falsedades;18.2 Falsedades documentales;2016;7.577
A Delitos;18 Falsedades;18.2 Falsedades documentales;2015;7.093
A Delitos;18 Falsedades;18.2 Falsedades documentales;2014;7.017
A Delitos;18 Falsedades;18.2 Falsedades documentales;2013;6.382
A Delitos;18 Falsedades;18.3 Fabricación o tenencia de útiles para falsificación;2021;5
A Delitos;18 Falsedades;18.3 Fabricación o tenencia de útiles para falsificación;2020;12
A Delitos;18 Falsedades;18.3 Fabricación o tenencia de útiles para falsificación;2019;9
A Delitos;18 Falsedades;18.3 Fabricación o tenencia de útiles para falsificación;2018;7
A Delitos;18 Falsedades;18.3 Fabricación o tenencia de útiles para falsificación;2017;9
A Delitos;18 Falsedades;18.3 Fabricación o tenencia de útiles para falsificación;2016;17
A Delitos;18 Falsedades;18.3 Fabricación o tenencia de útiles para falsificación;2015;13
A Delitos;18 Falsedades;18.3 Fabricación o tenencia de útiles para falsificación;2014;19
A Delitos;18 Falsedades;18.3 Fabricación o tenencia de útiles para falsificación;2013;17
A Delitos;18 Falsedades;18.4 Usurpación del estado civil;2021;113
A Delitos;18 Falsedades;18.4 Usurpación del estado civil;2020;71
A Delitos;18 Falsedades;18.4 Usurpación del estado civil;2019;109
A Delitos;18 Falsedades;18.4 Usurpación del estado civil;2018;109
A Delitos;18 Falsedades;18.4 Usurpación del estado civil;2017;112
A Delitos;18 Falsedades;18.4 Usurpación del estado civil;2016;102
A Delitos;18 Falsedades;18.4 Usurpación del estado civil;2015;102
A Delitos;18 Falsedades;18.4 Usurpación del estado civil;2014;100
A Delitos;18 Falsedades;18.4 Usurpación del estado civil;2013;92
A Delitos;18 Falsedades;18.5 Usurpación de funciones públicas;2021;102
A Delitos;18 Falsedades;18.5 Usurpación de funciones públicas;2020;74
A Delitos;18 Falsedades;18.5 Usurpación de funciones públicas;2019;102
A Delitos;18 Falsedades;18.5 Usurpación de funciones públicas;2018;126
A Delitos;18 Falsedades;18.5 Usurpación de funciones públicas;2017;142
A Delitos;18 Falsedades;18.5 Usurpación de funciones públicas;2016;98
A Delitos;18 Falsedades;18.5 Usurpación de funciones públicas;2015;99
A Delitos;18 Falsedades;18.5 Usurpación de funciones públicas;2014;86
A Delitos;18 Falsedades;18.5 Usurpación de funciones públicas;2013;129
A Delitos;19 Contra la Administración Pública;;2021;1.874
A Delitos;19 Contra la Administración Pública;;2020;1.945
A Delitos;19 Contra la Administración Pública;;2019;1.770
A Delitos;19 Contra la Administración Pública;;2018;1.527
A Delitos;19 Contra la Administración Pública;;2017;1.678
A Delitos;19 Contra la Administración Pública;;2016;1.692
A Delitos;19 Contra la Administración Pública;;2015;1.591
A Delitos;19 Contra la Administración Pública;;2014;1.548
A Delitos;19 Contra la Administración Pública;;2013;1.588
A Delitos;19 Contra la Administración Pública;19.1 Prevaricación de los funcionarios públicos;2021;101
A Delitos;19 Contra la Administración Pública;19.1 Prevaricación de los funcionarios públicos;2020;99
A Delitos;19 Contra la Administración Pública;19.1 Prevaricación de los funcionarios públicos;2019;126
A Delitos;19 Contra la Administración Pública;19.1 Prevaricación de los funcionarios públicos;2018;108
A Delitos;19 Contra la Administración Pública;19.1 Prevaricación de los funcionarios públicos;2017;115
A Delitos;19 Contra la Administración Pública;19.1 Prevaricación de los funcionarios públicos;2016;126
A Delitos;19 Contra la Administración Pública;19.1 Prevaricación de los funcionarios públicos;2015;93
A Delitos;19 Contra la Administración Pública;19.1 Prevaricación de los funcionarios públicos;2014;76
A Delitos;19 Contra la Administración Pública;19.1 Prevaricación de los funcionarios públicos;2013;62
A Delitos;19 Contra la Administración Pública;19.2 Abandono destino;2021;7
A Delitos;19 Contra la Administración Pública;19.2 Abandono destino;2020;6
A Delitos;19 Contra la Administración Pública;19.2 Abandono destino;2019;88
A Delitos;19 Contra la Administración Pública;19.2 Abandono destino;2018;18
A Delitos;19 Contra la Administración Pública;19.2 Abandono destino;2017;7
A Delitos;19 Contra la Administración Pública;19.2 Abandono destino;2016;18
A Delitos;19 Contra la Administración Pública;19.2 Abandono destino;2015;22
A Delitos;19 Contra la Administración Pública;19.2 Abandono destino;2014;19
A Delitos;19 Contra la Administración Pública;19.2 Abandono destino;2013;30
A Delitos;19 Contra la Administración Pública;19.3 Desobediencia y denegación auxilio;2021;1.555
A Delitos;19 Contra la Administración Pública;19.3 Desobediencia y denegación auxilio;2020;1.645
A Delitos;19 Contra la Administración Pública;19.3 Desobediencia y denegación auxilio;2019;1.283
A Delitos;19 Contra la Administración Pública;19.3 Desobediencia y denegación auxilio;2018;1.163
A Delitos;19 Contra la Administración Pública;19.3 Desobediencia y denegación auxilio;2017;1.283
A Delitos;19 Contra la Administración Pública;19.3 Desobediencia y denegación auxilio;2016;1.250
A Delitos;19 Contra la Administración Pública;19.3 Desobediencia y denegación auxilio;2015;1.188
A Delitos;19 Contra la Administración Pública;19.3 Desobediencia y denegación auxilio;2014;1.194
A Delitos;19 Contra la Administración Pública;19.3 Desobediencia y denegación auxilio;2013;1.314
A Delitos;19 Contra la Administración Pública;19.4 Infidelidad custodia documentos;2021;31
A Delitos;19 Contra la Administración Pública;19.4 Infidelidad custodia documentos;2020;17
A Delitos;19 Contra la Administración Pública;19.4 Infidelidad custodia documentos;2019;18
A Delitos;19 Contra la Administración Pública;19.4 Infidelidad custodia documentos;2018;27
A Delitos;19 Contra la Administración Pública;19.4 Infidelidad custodia documentos;2017;24
A Delitos;19 Contra la Administración Pública;19.4 Infidelidad custodia documentos;2016;25
A Delitos;19 Contra la Administración Pública;19.4 Infidelidad custodia documentos;2015;13
A Delitos;19 Contra la Administración Pública;19.4 Infidelidad custodia documentos;2014;19
A Delitos;19 Contra la Administración Pública;19.4 Infidelidad custodia documentos;2013;17
A Delitos;19 Contra la Administración Pública;19.5 Cohecho;2021;35
A Delitos;19 Contra la Administración Pública;19.5 Cohecho;2020;67
A Delitos;19 Contra la Administración Pública;19.5 Cohecho;2019;75
A Delitos;19 Contra la Administración Pública;19.5 Cohecho;2018;67
A Delitos;19 Contra la Administración Pública;19.5 Cohecho;2017;38
A Delitos;19 Contra la Administración Pública;19.5 Cohecho;2016;131
A Delitos;19 Contra la Administración Pública;19.5 Cohecho;2015;155
A Delitos;19 Contra la Administración Pública;19.5 Cohecho;2014;102
A Delitos;19 Contra la Administración Pública;19.5 Cohecho;2013;51
A Delitos;19 Contra la Administración Pública;19.6 Tráfico influencias;2021;11
A Delitos;19 Contra la Administración Pública;19.6 Tráfico influencias;2020;14
A Delitos;19 Contra la Administración Pública;19.6 Tráfico influencias;2019;7
A Delitos;19 Contra la Administración Pública;19.6 Tráfico influencias;2018;14
A Delitos;19 Contra la Administración Pública;19.6 Tráfico influencias;2017;4
A Delitos;19 Contra la Administración Pública;19.6 Tráfico influencias;2016;11
A Delitos;19 Contra la Administración Pública;19.6 Tráfico influencias;2015;5
A Delitos;19 Contra la Administración Pública;19.6 Tráfico influencias;2014;4
A Delitos;19 Contra la Administración Pública;19.6 Tráfico influencias;2013;1
A Delitos;19 Contra la Administración Pública;19.7 Malversación;2021;83
A Delitos;19 Contra la Administración Pública;19.7 Malversación;2020;73
A Delitos;19 Contra la Administración Pública;19.7 Malversación;2019;98
A Delitos;19 Contra la Administración Pública;19.7 Malversación;2018;87
A Delitos;19 Contra la Administración Pública;19.7 Malversación;2017;114
A Delitos;19 Contra la Administración Pública;19.7 Malversación;2016;71
A Delitos;19 Contra la Administración Pública;19.7 Malversación;2015;73
A Delitos;19 Contra la Administración Pública;19.7 Malversación;2014;87
A Delitos;19 Contra la Administración Pública;19.7 Malversación;2013;89
A Delitos;19 Contra la Administración Pública;19.8 Fraudes y exacciones ilegales;2021;37
A Delitos;19 Contra la Administración Pública;19.8 Fraudes y exacciones ilegales;2020;11
A Delitos;19 Contra la Administración Pública;19.8 Fraudes y exacciones ilegales;2019;43
A Delitos;19 Contra la Administración Pública;19.8 Fraudes y exacciones ilegales;2018;21
A Delitos;19 Contra la Administración Pública;19.8 Fraudes y exacciones ilegales;2017;41
A Delitos;19 Contra la Administración Pública;19.8 Fraudes y exacciones ilegales;2016;39
A Delitos;19 Contra la Administración Pública;19.8 Fraudes y exacciones ilegales;2015;25
A Delitos;19 Contra la Administración Pública;19.8 Fraudes y exacciones ilegales;2014;26
A Delitos;19 Contra la Administración Pública;19.8 Fraudes y exacciones ilegales;2013;13
A Delitos;19 Contra la Administración Pública;19.9 Negociaciones prohibidas a los funcionarios;2021;14
A Delitos;19 Contra la Administración Pública;19.9 Negociaciones prohibidas a los funcionarios;2020;13
A Delitos;19 Contra la Administración Pública;19.9 Negociaciones prohibidas a los funcionarios;2019;32
A Delitos;19 Contra la Administración Pública;19.9 Negociaciones prohibidas a los funcionarios;2018;22
A Delitos;19 Contra la Administración Pública;19.9 Negociaciones prohibidas a los funcionarios;2017;52
A Delitos;19 Contra la Administración Pública;19.9 Negociaciones prohibidas a los funcionarios;2016;21
A Delitos;19 Contra la Administración Pública;19.9 Negociaciones prohibidas a los funcionarios;2015;17
A Delitos;19 Contra la Administración Pública;19.9 Negociaciones prohibidas a los funcionarios;2014;21
A Delitos;19 Contra la Administración Pública;19.9 Negociaciones prohibidas a los funcionarios;2013;11
A Delitos;20 Contra la Administración de Justicia;;2021;20.061
A Delitos;20 Contra la Administración de Justicia;;2020;16.187
A Delitos;20 Contra la Administración de Justicia;;2019;20.435
A Delitos;20 Contra la Administración de Justicia;;2018;19.890
A Delitos;20 Contra la Administración de Justicia;;2017;19.993
A Delitos;20 Contra la Administración de Justicia;;2016;19.462
A Delitos;20 Contra la Administración de Justicia;;2015;19.140
A Delitos;20 Contra la Administración de Justicia;;2014;18.764
A Delitos;20 Contra la Administración de Justicia;;2013;17.117
A Delitos;20 Contra la Administración de Justicia;20.1 Prevaricación;2021;6
A Delitos;20 Contra la Administración de Justicia;20.1 Prevaricación;2020;7
A Delitos;20 Contra la Administración de Justicia;20.1 Prevaricación;2019;13
A Delitos;20 Contra la Administración de Justicia;20.1 Prevaricación;2018;6
A Delitos;20 Contra la Administración de Justicia;20.1 Prevaricación;2017;3
A Delitos;20 Contra la Administración de Justicia;20.1 Prevaricación;2016;5
A Delitos;20 Contra la Administración de Justicia;20.1 Prevaricación;2015;8
A Delitos;20 Contra la Administración de Justicia;20.1 Prevaricación;2014;5
A Delitos;20 Contra la Administración de Justicia;20.1 Prevaricación;2013;5
A Delitos;20 Contra la Administración de Justicia;20.2 Omisión de los deberes de impedir delitos;2021;7
A Delitos;20 Contra la Administración de Justicia;20.2 Omisión de los deberes de impedir delitos;2020;5
A Delitos;20 Contra la Administración de Justicia;20.2 Omisión de los deberes de impedir delitos;2019;2
A Delitos;20 Contra la Administración de Justicia;20.2 Omisión de los deberes de impedir delitos;2018;3
A Delitos;20 Contra la Administración de Justicia;20.2 Omisión de los deberes de impedir delitos;2017;4
A Delitos;20 Contra la Administración de Justicia;20.2 Omisión de los deberes de impedir delitos;2016;4
A Delitos;20 Contra la Administración de Justicia;20.2 Omisión de los deberes de impedir delitos;2015;1
A Delitos;20 Contra la Administración de Justicia;20.2 Omisión de los deberes de impedir delitos;2014;6
A Delitos;20 Contra la Administración de Justicia;20.2 Omisión de los deberes de impedir delitos;2013;12
A Delitos;20 Contra la Administración de Justicia;20.3 Encubrimiento;2021;49
A Delitos;20 Contra la Administración de Justicia;20.3 Encubrimiento;2020;45
A Delitos;20 Contra la Administración de Justicia;20.3 Encubrimiento;2019;37
A Delitos;20 Contra la Administración de Justicia;20.3 Encubrimiento;2018;48
A Delitos;20 Contra la Administración de Justicia;20.3 Encubrimiento;2017;70
A Delitos;20 Contra la Administración de Justicia;20.3 Encubrimiento;2016;68
A Delitos;20 Contra la Administración de Justicia;20.3 Encubrimiento;2015;63
A Delitos;20 Contra la Administración de Justicia;20.3 Encubrimiento;2014;81
A Delitos;20 Contra la Administración de Justicia;20.3 Encubrimiento;2013;43
A Delitos;20 Contra la Administración de Justicia;20.4 Realización arbitraria del propio derecho;2021;132
A Delitos;20 Contra la Administración de Justicia;20.4 Realización arbitraria del propio derecho;2020;103
A Delitos;20 Contra la Administración de Justicia;20.4 Realización arbitraria del propio derecho;2019;151
A Delitos;20 Contra la Administración de Justicia;20.4 Realización arbitraria del propio derecho;2018;153
A Delitos;20 Contra la Administración de Justicia;20.4 Realización arbitraria del propio derecho;2017;169
A Delitos;20 Contra la Administración de Justicia;20.4 Realización arbitraria del propio derecho;2016;149
A Delitos;20 Contra la Administración de Justicia;20.4 Realización arbitraria del propio derecho;2015;157
A Delitos;20 Contra la Administración de Justicia;20.4 Realización arbitraria del propio derecho;2014;251
A Delitos;20 Contra la Administración de Justicia;20.4 Realización arbitraria del propio derecho;2013;144
A Delitos;20 Contra la Administración de Justicia;20.5 Acusación y denuncia falsa;2021;1.185
A Delitos;20 Contra la Administración de Justicia;20.5 Acusación y denuncia falsa;2020;1.413
A Delitos;20 Contra la Administración de Justicia;20.5 Acusación y denuncia falsa;2019;2.255
A Delitos;20 Contra la Administración de Justicia;20.5 Acusación y denuncia falsa;2018;2.562
A Delitos;20 Contra la Administración de Justicia;20.5 Acusación y denuncia falsa;2017;2.941
A Delitos;20 Contra la Administración de Justicia;20.5 Acusación y denuncia falsa;2016;3.221
A Delitos;20 Contra la Administración de Justicia;20.5 Acusación y denuncia falsa;2015;3.591
A Delitos;20 Contra la Administración de Justicia;20.5 Acusación y denuncia falsa;2014;3.418
A Delitos;20 Contra la Administración de Justicia;20.5 Acusación y denuncia falsa;2013;2.767
A Delitos;20 Contra la Administración de Justicia;20.6 Falso testimonio;2021;317
A Delitos;20 Contra la Administración de Justicia;20.6 Falso testimonio;2020;302
A Delitos;20 Contra la Administración de Justicia;20.6 Falso testimonio;2019;419
A Delitos;20 Contra la Administración de Justicia;20.6 Falso testimonio;2018;421
A Delitos;20 Contra la Administración de Justicia;20.6 Falso testimonio;2017;490
A Delitos;20 Contra la Administración de Justicia;20.6 Falso testimonio;2016;457
A Delitos;20 Contra la Administración de Justicia;20.6 Falso testimonio;2015;425
A Delitos;20 Contra la Administración de Justicia;20.6 Falso testimonio;2014;432
A Delitos;20 Contra la Administración de Justicia;20.6 Falso testimonio;2013;383
A Delitos;20 Contra la Administración de Justicia;20.7 Obstrucción a la justicia;2021;322
A Delitos;20 Contra la Administración de Justicia;20.7 Obstrucción a la justicia;2020;244
A Delitos;20 Contra la Administración de Justicia;20.7 Obstrucción a la justicia;2019;340
A Delitos;20 Contra la Administración de Justicia;20.7 Obstrucción a la justicia;2018;330
A Delitos;20 Contra la Administración de Justicia;20.7 Obstrucción a la justicia;2017;375
A Delitos;20 Contra la Administración de Justicia;20.7 Obstrucción a la justicia;2016;366
A Delitos;20 Contra la Administración de Justicia;20.7 Obstrucción a la justicia;2015;349
A Delitos;20 Contra la Administración de Justicia;20.7 Obstrucción a la justicia;2014;316
A Delitos;20 Contra la Administración de Justicia;20.7 Obstrucción a la justicia;2013;273
A Delitos;20 Contra la Administración de Justicia;20.8 Quebrantamiento de condena;2021;18.019
A Delitos;20 Contra la Administración de Justicia;20.8 Quebrantamiento de condena;2020;14.056
A Delitos;20 Contra la Administración de Justicia;20.8 Quebrantamiento de condena;2019;17.182
A Delitos;20 Contra la Administración de Justicia;20.8 Quebrantamiento de condena;2018;16.326
A Delitos;20 Contra la Administración de Justicia;20.8 Quebrantamiento de condena;2017;15.894
A Delitos;20 Contra la Administración de Justicia;20.8 Quebrantamiento de condena;2016;15.144
A Delitos;20 Contra la Administración de Justicia;20.8 Quebrantamiento de condena;2015;14.499
A Delitos;20 Contra la Administración de Justicia;20.8 Quebrantamiento de condena;2014;14.180
A Delitos;20 Contra la Administración de Justicia;20.8 Quebrantamiento de condena;2013;13.412
A Delitos;20 Contra la Administración de Justicia;20.9 Contra la Administración de Justicia de la Corte Penal Internacional;2021;24
A Delitos;20 Contra la Administración de Justicia;20.9 Contra la Administración de Justicia de la Corte Penal Internacional;2020;12
A Delitos;20 Contra la Administración de Justicia;20.9 Contra la Administración de Justicia de la Corte Penal Internacional;2019;36
A Delitos;20 Contra la Administración de Justicia;20.9 Contra la Administración de Justicia de la Corte Penal Internacional;2018;41
A Delitos;20 Contra la Administración de Justicia;20.9 Contra la Administración de Justicia de la Corte Penal Internacional;2017;47
A Delitos;20 Contra la Administración de Justicia;20.9 Contra la Administración de Justicia de la Corte Penal Internacional;2016;48
A Delitos;20 Contra la Administración de Justicia;20.9 Contra la Administración de Justicia de la Corte Penal Internacional;2015;47
A Delitos;20 Contra la Administración de Justicia;20.9 Contra la Administración de Justicia de la Corte Penal Internacional;2014;75
A Delitos;20 Contra la Administración de Justicia;20.9 Contra la Administración de Justicia de la Corte Penal Internacional;2013;78
A Delitos;21 Contra la Constitución;;2021;399
A Delitos;21 Contra la Constitución;;2020;305
A Delitos;21 Contra la Constitución;;2019;326
A Delitos;21 Contra la Constitución;;2018;339
A Delitos;21 Contra la Constitución;;2017;399
A Delitos;21 Contra la Constitución;;2016;363
A Delitos;21 Contra la Constitución;;2015;291
A Delitos;21 Contra la Constitución;;2014;247
A Delitos;21 Contra la Constitución;;2013;217
A Delitos;21 Contra la Constitución;21.1 Rebelión;2021;1
A Delitos;21 Contra la Constitución;21.1 Rebelión;2020;""
A Delitos;21 Contra la Constitución;21.1 Rebelión;2019;2
A Delitos;21 Contra la Constitución;21.1 Rebelión;2018;""
A Delitos;21 Contra la Constitución;21.1 Rebelión;2017;""
A Delitos;21 Contra la Constitución;21.1 Rebelión;2016;4
A Delitos;21 Contra la Constitución;21.1 Rebelión;2015;3
A Delitos;21 Contra la Constitución;21.1 Rebelión;2014;3
A Delitos;21 Contra la Constitución;21.1 Rebelión;2013;""
A Delitos;21 Contra la Constitución;21.2 Contra la Corona;2021;1
A Delitos;21 Contra la Constitución;21.2 Contra la Corona;2020;1
A Delitos;21 Contra la Constitución;21.2 Contra la Corona;2019;""
A Delitos;21 Contra la Constitución;21.2 Contra la Corona;2018;2
A Delitos;21 Contra la Constitución;21.2 Contra la Corona;2017;2
A Delitos;21 Contra la Constitución;21.2 Contra la Corona;2016;4
A Delitos;21 Contra la Constitución;21.2 Contra la Corona;2015;4
A Delitos;21 Contra la Constitución;21.2 Contra la Corona;2014;""
A Delitos;21 Contra la Constitución;21.2 Contra la Corona;2013;1
A Delitos;21 Contra la Constitución;21.3 Contra las Instituciones del Estado;2021;48
A Delitos;21 Contra la Constitución;21.3 Contra las Instituciones del Estado;2020;48
A Delitos;21 Contra la Constitución;21.3 Contra las Instituciones del Estado;2019;50
A Delitos;21 Contra la Constitución;21.3 Contra las Instituciones del Estado;2018;50
A Delitos;21 Contra la Constitución;21.3 Contra las Instituciones del Estado;2017;66
A Delitos;21 Contra la Constitución;21.3 Contra las Instituciones del Estado;2016;58
A Delitos;21 Contra la Constitución;21.3 Contra las Instituciones del Estado;2015;61
A Delitos;21 Contra la Constitución;21.3 Contra las Instituciones del Estado;2014;65
A Delitos;21 Contra la Constitución;21.3 Contra las Instituciones del Estado;2013;73
A Delitos;21 Contra la Constitución;21.4 Ejercicio de los derechos fundamentales;2021;342
A Delitos;21 Contra la Constitución;21.4 Ejercicio de los derechos fundamentales;2020;249
A Delitos;21 Contra la Constitución;21.4 Ejercicio de los derechos fundamentales;2019;262
A Delitos;21 Contra la Constitución;21.4 Ejercicio de los derechos fundamentales;2018;280
A Delitos;21 Contra la Constitución;21.4 Ejercicio de los derechos fundamentales;2017;312
A Delitos;21 Contra la Constitución;21.4 Ejercicio de los derechos fundamentales;2016;289
A Delitos;21 Contra la Constitución;21.4 Ejercicio de los derechos fundamentales;2015;218
A Delitos;21 Contra la Constitución;21.4 Ejercicio de los derechos fundamentales;2014;172
A Delitos;21 Contra la Constitución;21.4 Ejercicio de los derechos fundamentales;2013;140
A Delitos;21 Contra la Constitución;21.5 Cometidos por funcionarios contra libertad individual;2021;4
A Delitos;21 Contra la Constitución;21.5 Cometidos por funcionarios contra libertad individual;2020;7
A Delitos;21 Contra la Constitución;21.5 Cometidos por funcionarios contra libertad individual;2019;11
A Delitos;21 Contra la Constitución;21.5 Cometidos por funcionarios contra libertad individual;2018;4
A Delitos;21 Contra la Constitución;21.5 Cometidos por funcionarios contra libertad individual;2017;16
A Delitos;21 Contra la Constitución;21.5 Cometidos por funcionarios contra libertad individual;2016;2
A Delitos;21 Contra la Constitución;21.5 Cometidos por funcionarios contra libertad individual;2015;5
A Delitos;21 Contra la Constitución;21.5 Cometidos por funcionarios contra libertad individual;2014;3
A Delitos;21 Contra la Constitución;21.5 Cometidos por funcionarios contra libertad individual;2013;3
A Delitos;21 Contra la Constitución;21.6 Ultrajes a España;2021;3
A Delitos;21 Contra la Constitución;21.6 Ultrajes a España;2020;""
A Delitos;21 Contra la Constitución;21.6 Ultrajes a España;2019;1
A Delitos;21 Contra la Constitución;21.6 Ultrajes a España;2018;3
A Delitos;21 Contra la Constitución;21.6 Ultrajes a España;2017;3
A Delitos;21 Contra la Constitución;21.6 Ultrajes a España;2016;6
A Delitos;21 Contra la Constitución;21.6 Ultrajes a España;2015;""
A Delitos;21 Contra la Constitución;21.6 Ultrajes a España;2014;4
A Delitos;21 Contra la Constitución;21.6 Ultrajes a España;2013;""
A Delitos;22 Contra el orden público;;2021;16.727
A Delitos;22 Contra el orden público;;2020;12.640
A Delitos;22 Contra el orden público;;2019;15.170
A Delitos;22 Contra el orden público;;2018;14.944
A Delitos;22 Contra el orden público;;2017;14.753
A Delitos;22 Contra el orden público;;2016;14.394
A Delitos;22 Contra el orden público;;2015;13.745
A Delitos;22 Contra el orden público;;2014;13.317
A Delitos;22 Contra el orden público;;2013;12.744
A Delitos;22 Contra el orden público;22.1 Sedición;2021;""
A Delitos;22 Contra el orden público;22.1 Sedición;2020;""
A Delitos;22 Contra el orden público;22.1 Sedición;2019;9
A Delitos;22 Contra el orden público;22.1 Sedición;2018;1
A Delitos;22 Contra el orden público;22.1 Sedición;2017;""
A Delitos;22 Contra el orden público;22.1 Sedición;2016;""
A Delitos;22 Contra el orden público;22.1 Sedición;2015;1
A Delitos;22 Contra el orden público;22.1 Sedición;2014;2
A Delitos;22 Contra el orden público;22.1 Sedición;2013;18
A Delitos;22 Contra el orden público;22.2 Atentados contra la autoridad y de la resistencia y desobediencia;2021;14.664
A Delitos;22 Contra el orden público;22.2 Atentados contra la autoridad y de la resistencia y desobediencia;2020;10.993
A Delitos;22 Contra el orden público;22.2 Atentados contra la autoridad y de la resistencia y desobediencia;2019;12.966
A Delitos;22 Contra el orden público;22.2 Atentados contra la autoridad y de la resistencia y desobediencia;2018;13.198
A Delitos;22 Contra el orden público;22.2 Atentados contra la autoridad y de la resistencia y desobediencia;2017;12.919
A Delitos;22 Contra el orden público;22.2 Atentados contra la autoridad y de la resistencia y desobediencia;2016;12.768
A Delitos;22 Contra el orden público;22.2 Atentados contra la autoridad y de la resistencia y desobediencia;2015;11.882
A Delitos;22 Contra el orden público;22.2 Atentados contra la autoridad y de la resistencia y desobediencia;2014;11.797
A Delitos;22 Contra el orden público;22.2 Atentados contra la autoridad y de la resistencia y desobediencia;2013;11.518
A Delitos;22 Contra el orden público;22.3 Desórdenes públicos;2021;215
A Delitos;22 Contra el orden público;22.3 Desórdenes públicos;2020;163
A Delitos;22 Contra el orden público;22.3 Desórdenes públicos;2019;150
A Delitos;22 Contra el orden público;22.3 Desórdenes públicos;2018;149
A Delitos;22 Contra el orden público;22.3 Desórdenes públicos;2017;181
A Delitos;22 Contra el orden público;22.3 Desórdenes públicos;2016;174
A Delitos;22 Contra el orden público;22.3 Desórdenes públicos;2015;261
A Delitos;22 Contra el orden público;22.3 Desórdenes públicos;2014;148
A Delitos;22 Contra el orden público;22.3 Desórdenes públicos;2013;146
A Delitos;22 Contra el orden público;22.5 Tenencia, tráfico, depósito de armas y explosivos;2021;923
A Delitos;22 Contra el orden público;22.5 Tenencia, tráfico, depósito de armas y explosivos;2020;709
A Delitos;22 Contra el orden público;22.5 Tenencia, tráfico, depósito de armas y explosivos;2019;928
A Delitos;22 Contra el orden público;22.5 Tenencia, tráfico, depósito de armas y explosivos;2018;885
A Delitos;22 Contra el orden público;22.5 Tenencia, tráfico, depósito de armas y explosivos;2017;895
A Delitos;22 Contra el orden público;22.5 Tenencia, tráfico, depósito de armas y explosivos;2016;874
A Delitos;22 Contra el orden público;22.5 Tenencia, tráfico, depósito de armas y explosivos;2015;989
A Delitos;22 Contra el orden público;22.5 Tenencia, tráfico, depósito de armas y explosivos;2014;933
A Delitos;22 Contra el orden público;22.5 Tenencia, tráfico, depósito de armas y explosivos;2013;884
A Delitos;22 Contra el orden público;22.6 Organizaciones y grupos criminales;2021;887
A Delitos;22 Contra el orden público;22.6 Organizaciones y grupos criminales;2020;723
A Delitos;22 Contra el orden público;22.6 Organizaciones y grupos criminales;2019;1.003
A Delitos;22 Contra el orden público;22.6 Organizaciones y grupos criminales;2018;656
A Delitos;22 Contra el orden público;22.6 Organizaciones y grupos criminales;2017;693
A Delitos;22 Contra el orden público;22.6 Organizaciones y grupos criminales;2016;521
A Delitos;22 Contra el orden público;22.6 Organizaciones y grupos criminales;2015;554
A Delitos;22 Contra el orden público;22.6 Organizaciones y grupos criminales;2014;394
A Delitos;22 Contra el orden público;22.6 Organizaciones y grupos criminales;2013;133
A Delitos;22 Contra el orden público;22.7 Organizaciones y grupos terroristas y delitos de terrorismo;2021;38
A Delitos;22 Contra el orden público;22.7 Organizaciones y grupos terroristas y delitos de terrorismo;2020;52
A Delitos;22 Contra el orden público;22.7 Organizaciones y grupos terroristas y delitos de terrorismo;2019;114
A Delitos;22 Contra el orden público;22.7 Organizaciones y grupos terroristas y delitos de terrorismo;2018;55
A Delitos;22 Contra el orden público;22.7 Organizaciones y grupos terroristas y delitos de terrorismo;2017;65
A Delitos;22 Contra el orden público;22.7 Organizaciones y grupos terroristas y delitos de terrorismo;2016;57
A Delitos;22 Contra el orden público;22.7 Organizaciones y grupos terroristas y delitos de terrorismo;2015;58
A Delitos;22 Contra el orden público;22.7 Organizaciones y grupos terroristas y delitos de terrorismo;2014;43
A Delitos;22 Contra el orden público;22.7 Organizaciones y grupos terroristas y delitos de terrorismo;2013;45
A Delitos;23 Traición, contra la paz y defensa nacional;;2021;1
A Delitos;23 Traición, contra la paz y defensa nacional;;2020;5
A Delitos;23 Traición, contra la paz y defensa nacional;;2019;6
A Delitos;23 Traición, contra la paz y defensa nacional;;2018;1
A Delitos;23 Traición, contra la paz y defensa nacional;;2017;1
A Delitos;23 Traición, contra la paz y defensa nacional;;2016;7
A Delitos;23 Traición, contra la paz y defensa nacional;;2015;4
A Delitos;23 Traición, contra la paz y defensa nacional;;2014;4
A Delitos;23 Traición, contra la paz y defensa nacional;;2013;4
A Delitos;23 Traición, contra la paz y defensa nacional;23.1 Traición;2021;""
A Delitos;23 Traición, contra la paz y defensa nacional;23.1 Traición;2020;""
A Delitos;23 Traición, contra la paz y defensa nacional;23.1 Traición;2019;""
A Delitos;23 Traición, contra la paz y defensa nacional;23.1 Traición;2018;""
A Delitos;23 Traición, contra la paz y defensa nacional;23.1 Traición;2017;""
A Delitos;23 Traición, contra la paz y defensa nacional;23.1 Traición;2016;1
A Delitos;23 Traición, contra la paz y defensa nacional;23.1 Traición;2015;""
A Delitos;23 Traición, contra la paz y defensa nacional;23.1 Traición;2014;""
A Delitos;23 Traición, contra la paz y defensa nacional;23.1 Traición;2013;""
A Delitos;23 Traición, contra la paz y defensa nacional;23.2 Que comprometen la paz o independencia del Estado;2021;1
A Delitos;23 Traición, contra la paz y defensa nacional;23.2 Que comprometen la paz o independencia del Estado;2020;5
A Delitos;23 Traición, contra la paz y defensa nacional;23.2 Que comprometen la paz o independencia del Estado;2019;6
A Delitos;23 Traición, contra la paz y defensa nacional;23.2 Que comprometen la paz o independencia del Estado;2018;1
A Delitos;23 Traición, contra la paz y defensa nacional;23.2 Que comprometen la paz o independencia del Estado;2017;1
A Delitos;23 Traición, contra la paz y defensa nacional;23.2 Que comprometen la paz o independencia del Estado;2016;5
A Delitos;23 Traición, contra la paz y defensa nacional;23.2 Que comprometen la paz o independencia del Estado;2015;2
A Delitos;23 Traición, contra la paz y defensa nacional;23.2 Que comprometen la paz o independencia del Estado;2014;2
A Delitos;23 Traición, contra la paz y defensa nacional;23.2 Que comprometen la paz o independencia del Estado;2013;4
A Delitos;23 Traición, contra la paz y defensa nacional;23.3 Descubrimiento y revelación de secretos;2021;""
A Delitos;23 Traición, contra la paz y defensa nacional;23.3 Descubrimiento y revelación de secretos;2020;""
A Delitos;23 Traición, contra la paz y defensa nacional;23.3 Descubrimiento y revelación de secretos;2019;""
A Delitos;23 Traición, contra la paz y defensa nacional;23.3 Descubrimiento y revelación de secretos;2018;""
A Delitos;23 Traición, contra la paz y defensa nacional;23.3 Descubrimiento y revelación de secretos;2017;""
A Delitos;23 Traición, contra la paz y defensa nacional;23.3 Descubrimiento y revelación de secretos;2016;1
A Delitos;23 Traición, contra la paz y defensa nacional;23.3 Descubrimiento y revelación de secretos;2015;2
A Delitos;23 Traición, contra la paz y defensa nacional;23.3 Descubrimiento y revelación de secretos;2014;2
A Delitos;23 Traición, contra la paz y defensa nacional;23.3 Descubrimiento y revelación de secretos;2013;""
A Delitos;24 Contra la Comunidad Internacional;;2021;12
A Delitos;24 Contra la Comunidad Internacional;;2020;8
A Delitos;24 Contra la Comunidad Internacional;;2019;10
A Delitos;24 Contra la Comunidad Internacional;;2018;14
A Delitos;24 Contra la Comunidad Internacional;;2017;8
A Delitos;24 Contra la Comunidad Internacional;;2016;11
A Delitos;24 Contra la Comunidad Internacional;;2015;23
A Delitos;24 Contra la Comunidad Internacional;;2014;14
A Delitos;24 Contra la Comunidad Internacional;;2013;14
A Delitos;24 Contra la Comunidad Internacional;24.1 Contra el derecho de gentes;2021;""
A Delitos;24 Contra la Comunidad Internacional;24.1 Contra el derecho de gentes;2020;1
A Delitos;24 Contra la Comunidad Internacional;24.1 Contra el derecho de gentes;2019;1
A Delitos;24 Contra la Comunidad Internacional;24.1 Contra el derecho de gentes;2018;3
A Delitos;24 Contra la Comunidad Internacional;24.1 Contra el derecho de gentes;2017;3
A Delitos;24 Contra la Comunidad Internacional;24.1 Contra el derecho de gentes;2016;""
A Delitos;24 Contra la Comunidad Internacional;24.1 Contra el derecho de gentes;2015;4
A Delitos;24 Contra la Comunidad Internacional;24.1 Contra el derecho de gentes;2014;1
A Delitos;24 Contra la Comunidad Internacional;24.1 Contra el derecho de gentes;2013;3
A Delitos;24 Contra la Comunidad Internacional;24.2 Genocidio;2021;""
A Delitos;24 Contra la Comunidad Internacional;24.2 Genocidio;2020;""
A Delitos;24 Contra la Comunidad Internacional;24.2 Genocidio;2019;1
A Delitos;24 Contra la Comunidad Internacional;24.2 Genocidio;2018;3
A Delitos;24 Contra la Comunidad Internacional;24.2 Genocidio;2017;""
A Delitos;24 Contra la Comunidad Internacional;24.2 Genocidio;2016;6
A Delitos;24 Contra la Comunidad Internacional;24.2 Genocidio;2015;3
A Delitos;24 Contra la Comunidad Internacional;24.2 Genocidio;2014;1
A Delitos;24 Contra la Comunidad Internacional;24.2 Genocidio;2013;1
A Delitos;24 Contra la Comunidad Internacional;24.2 BIS Lesa humanidad;2021;5
A Delitos;24 Contra la Comunidad Internacional;24.2 BIS Lesa humanidad;2020;1
A Delitos;24 Contra la Comunidad Internacional;24.2 BIS Lesa humanidad;2019;2
A Delitos;24 Contra la Comunidad Internacional;24.2 BIS Lesa humanidad;2018;2
A Delitos;24 Contra la Comunidad Internacional;24.2 BIS Lesa humanidad;2017;2
A Delitos;24 Contra la Comunidad Internacional;24.2 BIS Lesa humanidad;2016;""
A Delitos;24 Contra la Comunidad Internacional;24.2 BIS Lesa humanidad;2015;3
A Delitos;24 Contra la Comunidad Internacional;24.2 BIS Lesa humanidad;2014;3
A Delitos;24 Contra la Comunidad Internacional;24.2 BIS Lesa humanidad;2013;""
A Delitos;24 Contra la Comunidad Internacional;24.3 Contra las personas y bienes protegidos;2021;7
A Delitos;24 Contra la Comunidad Internacional;24.3 Contra las personas y bienes protegidos;2020;6
A Delitos;24 Contra la Comunidad Internacional;24.3 Contra las personas y bienes protegidos;2019;6
A Delitos;24 Contra la Comunidad Internacional;24.3 Contra las personas y bienes protegidos;2018;6
A Delitos;24 Contra la Comunidad Internacional;24.3 Contra las personas y bienes protegidos;2017;3
A Delitos;24 Contra la Comunidad Internacional;24.3 Contra las personas y bienes protegidos;2016;5
A Delitos;24 Contra la Comunidad Internacional;24.3 Contra las personas y bienes protegidos;2015;13
A Delitos;24 Contra la Comunidad Internacional;24.3 Contra las personas y bienes protegidos;2014;9
A Delitos;24 Contra la Comunidad Internacional;24.3 Contra las personas y bienes protegidos;2013;10
L1 Ley Orgánica de Represión del Contrabando;;;2021;405
L1 Ley Orgánica de Represión del Contrabando;;;2020;263
L1 Ley Orgánica de Represión del Contrabando;;;2019;326
L1 Ley Orgánica de Represión del Contrabando;;;2018;243
L1 Ley Orgánica de Represión del Contrabando;;;2017;309
L1 Ley Orgánica de Represión del Contrabando;;;2016;221
L1 Ley Orgánica de Represión del Contrabando;;;2015;210
L1 Ley Orgánica de Represión del Contrabando;;;2014;135
L1 Ley Orgánica de Represión del Contrabando;;;2013;151
L2 Ley Orgánica del Régimen Electoral General;;;2021;227
L2 Ley Orgánica del Régimen Electoral General;;;2020;122
L2 Ley Orgánica del Régimen Electoral General;;;2019;118
L2 Ley Orgánica del Régimen Electoral General;;;2018;136
L2 Ley Orgánica del Régimen Electoral General;;;2017;189
L2 Ley Orgánica del Régimen Electoral General;;;2016;127
L2 Ley Orgánica del Régimen Electoral General;;;2015;72
L2 Ley Orgánica del Régimen Electoral General;;;2014;57
L2 Ley Orgánica del Régimen Electoral General;;;2013;39
L3 Ley Penal y Procesal de la Navegación aérea;;;2021;1
L3 Ley Penal y Procesal de la Navegación aérea;;;2020;""
L3 Ley Penal y Procesal de la Navegación aérea;;;2019;""
L3 Ley Penal y Procesal de la Navegación aérea;;;2018;""
L3 Ley Penal y Procesal de la Navegación aérea;;;2017;1
L3 Ley Penal y Procesal de la Navegación aérea;;;2016;""
L3 Ley Penal y Procesal de la Navegación aérea;;;2015;""
L3 Ley Penal y Procesal de la Navegación aérea;;;2014;""
L3 Ley Penal y Procesal de la Navegación aérea;;;2013;""
